"1","设置昵称j7","https://baike.baidu.com/usercenter/userpage?uk=Qbyky4Gw6SKoPfCUJbZOkg&from=diff","9553","0.89","0","32027578"
"2","喵星人的小屋","https://baike.baidu.com/usercenter/userpage?uk=wc5-DhunVyQCAbXFeJWTtw&from=diff","9047","0.93","0","2837300010"
"3","万古昌清","https://baike.baidu.com/usercenter/userpage?uk=-3XHg_vWOVl4btDQthEaTQ&from=diff","21069","0.96","709","6558022269"
"4","Good丶Hao","https://baike.baidu.com/usercenter/userpage?uk=9mkfiwqA5gKHxEQ3ixEglw&from=diff","241128","0.97","7","13706706556"
"5","只想拜佛早回转","https://baike.baidu.com/usercenter/userpage?uk=JI9vOUlnFbevNwjWU4I8fA&from=diff","9547","0.98","0","784278985"
"6","谁抢了我ID345","https://baike.baidu.com/usercenter/userpage?uk=TLZJV-KB0hmyonM1BLEulw&from=diff","126396","0.99","520","242130497"
"8","w_ou","https://baike.baidu.com/usercenter/userpage?uk=TY3CXj_hJSEcBfJBVP43Rg&from=diff","0","0","0","0"
"9","J一点一点","https://baike.baidu.com/usercenter/userpage?uk=wFTue93CmWNk3fh2FMx3Ag&from=diff","11245","0.99","0","15221199108"
"10","bjtxdj","https://baike.baidu.com/usercenter/userpage?uk=qMqxrhjyyQXq-numeEIoIQ&from=diff","5180","0.94","0","863582249"
"11","想你时心会痛i","https://baike.baidu.com/usercenter/userpage?uk=dAMVBYrKn5jTnwz8XnZr2w&from=diff","680","0.99","0","9942830"
"12","香港小股神","https://baike.baidu.com/usercenter/userpage?uk=k12tmZgdJjTRMpZbS9B9jg&from=diff","13394","0.97","0","4618442064"
"13","baichao0627","https://baike.baidu.com/usercenter/userpage?uk=iH8wcl2AKN5CePBV1xQUYg&from=diff","210657","1","14","37330526"
"14","蔡文姬本姬","https://baike.baidu.com/usercenter/userpage?uk=YFPbPFZmQKWMuZ6qUbUpdw&from=diff","269668","1","29","119805402"
"15","阿妧云","https://baike.baidu.com/usercenter/userpage?uk=kdTDWmiarpEQr5CuL9RiFA&from=diff","424223","0.96","5","11281008012"
"16","小小糖甜甜的","https://baike.baidu.com/usercenter/userpage?uk=VmJ5GvVMGyJFOPHXIcufCA&from=diff","1544","0.92","0","88878900"
"17","笔墨妙自然","https://baike.baidu.com/usercenter/userpage?uk=Es46SHVlmTMkkTiM847P9Q&from=diff","2081","1","0","212920574"
"18","18九九归一","https://baike.baidu.com/usercenter/userpage?uk=HSBamAuo4-qoJJInPrcpSg&from=diff","989","0.99","0","45303469"
"19","天够真无鞋","https://baike.baidu.com/usercenter/userpage?uk=6IgBsFIHLnxpjGRfwTz3Sw&from=diff","21798","1","0","83569172"
"20","飞熊李李","https://baike.baidu.com/usercenter/userpage?uk=e8LMgCWfIbR4ggH3tkf1sA&from=diff","321280","0.92","0","1866697843"
"21","费德白客","https://baike.baidu.com/usercenter/userpage?uk=065_qSfCOLX2w1t-H477fQ&from=diff","1470639","0.99","0","261720813702"
"23","Clark宿命","https://baike.baidu.com/usercenter/userpage?uk=vJXEFwMkzQv-Xe4R2hLofQ&from=diff","16056","1","5","335313423"
"24","江东231","https://baike.baidu.com/usercenter/userpage?uk=oe_0gRVPuOleaHeQn1C-5w&from=diff","41732","0.75","1","22635019"
"25","BB7778ok","https://baike.baidu.com/usercenter/userpage?uk=V26x7jRoaMei6bVsCy0h1g&from=diff","1843","1","0","160486698"
"26","川川916","https://baike.baidu.com/usercenter/userpage?uk=f6jvWoi4x9iCaod0_LRozQ&from=diff","6745","1","0","1347178"
"27","路肩菌","https://baike.baidu.com/usercenter/userpage?uk=Lb7LoR2Qsv20NCto2fH0Bg&from=diff","1549849","0.72","0","209792868872"
"28","ndhxbird512903","https://baike.baidu.com/usercenter/userpage?uk=x6aCJ7Pjg9mXu3iO2Gpa-Q&from=diff","23","0.79","0","11315183"
"29","象和魄","https://baike.baidu.com/usercenter/userpage?uk=2y3l9Ec8is4-qYeW7mMDbw&from=diff","3","0.42","0","1178514"
"30","165******94","https://baike.baidu.com/usercenter/userpage?uk=YqIIhfaLD9kymNGFC0ULkQ&from=diff","1","0.5","0","1170750"
"31","只是一个笑话06","https://baike.baidu.com/usercenter/userpage?uk=oCp7R0UYUFxzkmePjUBwuA&from=diff","15","0.62","0","1501564"
"33","N5GXG4K2pOBq","https://baike.baidu.com/usercenter/userpage?uk=Jaq1aN--LRVjBLcfxD8l6Q&from=diff","56","0.87","0","18441646"
"34","百科用户yTR4Ze","https://baike.baidu.com/usercenter/userpage?uk=7yVnETFBeK7P00ZQ6ps6fg&from=diff","29587","0.91","0","82012501"
"35","百科用户W3IDTq","https://baike.baidu.com/usercenter/userpage?uk=0CK3fvWgz3nBffRgYdUOcg&from=diff","21","0.51","0","2587854"
"36","别无恙9","https://baike.baidu.com/usercenter/userpage?uk=YTyBERZqKrBJAJgPoSVGgg&from=diff","689","0.91","0","8006235"
"37","百度用户#1035556663","https://baike.baidu.com/usercenter/userpage?uk=iFZyclHnkWNGhpAS1NlHwA&from=diff","1","0.33","0","1170750"
"38","Alfredo7753","https://baike.baidu.com/usercenter/userpage?uk=cr7QgB3vYyFiep57HNeqew&from=diff","239","0.81","0","4634483"
"39","z3yang3","https://baike.baidu.com/usercenter/userpage?uk=0bqGIQU9Z7nFUlfd0_6Qhw&from=diff","659","1","0","13472559"
"40","B1T111","https://baike.baidu.com/usercenter/userpage?uk=XCw6EWRcUfP18dkUSVOvrQ&from=diff","26067","1","8","7737728"
"41","CHN_2023","https://baike.baidu.com/usercenter/userpage?uk=UAE2P9IaC8T34_7ebsxPMA&from=diff","18682","0.78","0","1024374226"
"42","closeIdo","https://baike.baidu.com/usercenter/userpage?uk=Xuu7_eSKuJ_aNBpZWqfu-A&from=diff","81363","0.95","93","30653510"
"46","xdihvtriblp","https://baike.baidu.com/usercenter/userpage?uk=tp0WHRcChyb_5uzkr0joFg&from=diff","947","0.85","0","542856362"
"47","落凤林","https://baike.baidu.com/usercenter/userpage?uk=hbqdGChM-iTAy9vpjrTA5Q&from=diff","2615","1","0","137709861"
"48","冷魄year","https://baike.baidu.com/usercenter/userpage?uk=oWeRbIV2ooFLg0GB3j1-7w&from=diff","157597","1","38","6733134040"
"49","1校当家","https://baike.baidu.com/usercenter/userpage?uk=ubKDFQRIZHyx6Yqmy8GlRQ&from=diff","82558","0.98","22","10589020760"
"50","卡不提诺04","https://baike.baidu.com/usercenter/userpage?uk=agLPcxEfPPBZwW6lFI51vg&from=diff","213010","0.67","0","3981933321"
"51","百科用户7Rv3iV","https://baike.baidu.com/usercenter/userpage?uk=vWSlvF5u8zdNo72jMgFrMw&from=diff","156","0.84","0","59619400"
"52","百科用户d4zzvN","https://baike.baidu.com/usercenter/userpage?uk=gCNvs4q4LC3w_LsuZ5ZK3g&from=diff","16","0.02","0","5146591"
"53","许嵩萌内","https://baike.baidu.com/usercenter/userpage?uk=hGDbyQ8_GiXIv-C7bDkHzA&from=diff","74310","0.94","90","3767204154"
"54","美少女阿year","https://baike.baidu.com/usercenter/userpage?uk=B1JDctmmhSqN64GZyiHLow&from=diff","1519","0.76","0","264830860"
"57","轩辕七杀12","https://baike.baidu.com/usercenter/userpage?uk=LEtDkF2dfP1BVG42fS2d0Q&from=diff","56","0.4","0","4272027"
"58","百科用户qNvXRS","https://baike.baidu.com/usercenter/userpage?uk=zy4wW4ZVLqfRfsf437Ulcw&from=diff","41787","0.9","31","457657492"
"59","观上海","https://baike.baidu.com/usercenter/userpage?uk=wvS3fwpdVs1Sde7xMzTnyA&from=diff","1832","0.93","0","18814704"
"60","wgy531","https://baike.baidu.com/usercenter/userpage?uk=Of4GfGXM8cJwOLEic9SvRg&from=diff","1224","0.5","0","611256530"
"61","雷虎的平方","https://baike.baidu.com/usercenter/userpage?uk=H9Y-73Bx4xxjklS4Y3_s6A&from=diff","100597","0.9","38","27001778460"
"62","张升伟123456","https://baike.baidu.com/usercenter/userpage?uk=5C8R02l4a4xUquB94O--1Q&from=diff","14589","0.81","0","183076266"
"63","君伟junwei521","https://baike.baidu.com/usercenter/userpage?uk=_ojtsmImSQy1Ym4EMaR-uw&from=diff","581019","0.99","0","187919707253"
"64","阳光的阿尔巴斯","https://baike.baidu.com/usercenter/userpage?uk=9-YKAOtIuCGSGco-2-KMKg&from=diff","3543","0.96","0","1418599768"
"65","de...2@163.com","https://baike.baidu.com/usercenter/userpage?uk=SctjKNpRATzIzgzyXo1Q6w&from=diff","698","0.89","0","261479312"
"66","那边的远海","https://baike.baidu.com/usercenter/userpage?uk=6trevR6sO1-F02zWHk0YLg&from=diff","27041","0.79","10","179875920"
"67","一碗加糖饭","https://baike.baidu.com/usercenter/userpage?uk=zzWOCi09vfQ3iKdkY1_CqA&from=diff","1613285","0.77","0","1602411459"
"68","mary200366","https://baike.baidu.com/usercenter/userpage?uk=9HdMVkUVCx-E0JuPaY6v6w&from=diff","278682","0.99","16","211580582966"
"69","桃子q123","https://baike.baidu.com/usercenter/userpage?uk=Y3_EKQCSrFk-1u-dxcYNaA&from=diff","38722","0.97","0","14544370"
"70","取个名我好无奈","https://baike.baidu.com/usercenter/userpage?uk=j6MnGVZC8RfS0qj9xTWlkQ&from=diff","13152","0.81","0","31001236"
"72","ouyang927112","https://baike.baidu.com/usercenter/userpage?uk=kHPYyK-WQPARLGBmWzRyHw&from=diff","55746","0.95","15","468532587"
"74","嚭彬蔚","https://baike.baidu.com/usercenter/userpage?uk=BH6K1dZocCOfbq32Nd-maQ&from=diff","12390","0.88","0","801713349"
"75","思彤之恋","https://baike.baidu.com/usercenter/userpage?uk=SJK3GoRI7D7yNTtIVwk8oQ&from=diff","8955","1","0","679318330"
"78","话梅不二家","https://baike.baidu.com/usercenter/userpage?uk=JLIJvhdU84-p9XYPHkqQIg&from=diff","55","0.88","0","41101455"
"80","埊山謙","https://baike.baidu.com/usercenter/userpage?uk=36P8cdwpq_6AXtEeJlYeeQ&from=diff","20","0.55","0","15034977"
"82","24680zpzyh","https://baike.baidu.com/usercenter/userpage?uk=QgD_v5VNzBGV-uzu90tFPw&from=diff","142913","0.89","17","399473990"
"83","午夜DJJJJJ","https://baike.baidu.com/usercenter/userpage?uk=n8BW-9QJoRQGt8ouqveNRw&from=diff","57677","0.84","0","439288218"
"84","188******96","https://baike.baidu.com/usercenter/userpage?uk=SCqihXSF1wUF1GUt6PdkJQ&from=diff","405","1","0","47415409"
"87","小小少年甲","https://baike.baidu.com/usercenter/userpage?uk=QLlIQunXq2LJgrmLv-O9Tw&from=diff","609","0.79","0","297161808"
"88","peihaizhan","https://baike.baidu.com/usercenter/userpage?uk=mihM2pY_q2DmaczNXAjXTA&from=diff","418","1","0","4183810"
"89","百度用户#08120964780132","https://baike.baidu.com/usercenter/userpage?uk=CKAKrYl5K4sYKS47ZnQW7w&from=diff","73","1","0","13335797"
"90","孙悟空变的苍蝇","https://baike.baidu.com/usercenter/userpage?uk=dI6VoJYW8th8ioZTQuyQ7A&from=diff","1248","0.95","0","224274098"
"93","山有木兮0909","https://baike.baidu.com/usercenter/userpage?uk=atk3jNGSudlla2MmXcCuWw&from=diff","5712","0.97","10","746485486"
"94","叶落花清风","https://baike.baidu.com/usercenter/userpage?uk=xuUodEpWu34Id8JVgG7dVQ&from=diff","31314","0.94","36","1368994219"
"95","晓舞490","https://baike.baidu.com/usercenter/userpage?uk=_ivnlBmcXUjwZ2qRkl3FKw&from=diff","19786","0.81","0","5831553699"
"96","咭叽","https://baike.baidu.com/usercenter/userpage?uk=ZFtrcyC5EaKVIiZ6-yxnnw&from=diff","4","0.22","0","3968051"
"99","小宝本色","https://baike.baidu.com/usercenter/userpage?uk=dWr9cse4WVbQxXSoqMd4xQ&from=diff","401207","0.63","19","6036438153"
"100","763374993","https://baike.baidu.com/usercenter/userpage?uk=lLad_7CTOu2m1WwemDQzpQ&from=diff","2062","0.91","0","31035837109"
"101","_leeweidong_","https://baike.baidu.com/usercenter/userpage?uk=D6SeEgXMMbQCFhQRL6A_hA&from=diff","14410","0.91","0","28614901173"
"102","1颗梅干","https://baike.baidu.com/usercenter/userpage?uk=IO-acwIWcNyudsoYFzw7Yw&from=diff","1491620","0.72","0","205375526934"
"105","南郭某某","https://baike.baidu.com/usercenter/userpage?uk=IB0Mcb_2PmvpjZWwXrTnuw&from=diff","15380","0.98","0","116201975"
"107","1310091221","https://baike.baidu.com/usercenter/userpage?uk=mMa4m47QLSeDrsoL0cEcLw&from=diff","44623","0.91","7","374063007"
"108","a5690800","https://baike.baidu.com/usercenter/userpage?uk=-5Vm4mo0sjpC4-yUyWB0zQ&from=diff","12088","0.73","0","3833609292"
"110","weqgokm","https://baike.baidu.com/usercenter/userpage?uk=SaLVWQ5ygnyDHHSib-l2Zw&from=diff","1962","0.7","0","1128135667"
"111","alougoodluck","https://baike.baidu.com/usercenter/userpage?uk=q2OvHOSlKDmBVqqk0Jpn3Q&from=diff","60040","0.93","0","6518035161"
"112","ricky_Hestar","https://baike.baidu.com/usercenter/userpage?uk=hNFwe_Flhlm0guTSReWkOQ&from=diff","54","0.77","0","3761661"
"113","百科用户fIjNg3","https://baike.baidu.com/usercenter/userpage?uk=e-aHDdnJ3PyGbeCNOrNZSQ&from=diff","1232","0.32","0","217699075"
"114","王远江0857","https://baike.baidu.com/usercenter/userpage?uk=YSlWqidIYMrJM70Q6SNFZQ&from=diff","162538","0.99","858","18404076966"
"115","ziyuan363","https://baike.baidu.com/usercenter/userpage?uk=VnzMcS7RZyE41iQRga4SsA&from=diff","6319","0.98","0","76255543"
"116","嗷嗷嗷啊时代","https://baike.baidu.com/usercenter/userpage?uk=Mvt1A0p0TBWifJxSCCkhQA&from=diff","19814","0.94","0","8058738488"
"118","wangwj0220","https://baike.baidu.com/usercenter/userpage?uk=MFlUuYzP-nLyMoe67Dyalg&from=diff","60193","0.97","0","292370643"
"119","wz发哥12315","https://baike.baidu.com/usercenter/userpage?uk=Y12EIvdevTDkmlIXJeXPMw&from=diff","118291","0.98","0","1279654294"
"120","聂媳窗票倩跃","https://baike.baidu.com/usercenter/userpage?uk=g7X75LMNAiFjgLTMHDWZMg&from=diff","423928","0.98","3","3347418153"
"121","放开ie","https://baike.baidu.com/usercenter/userpage?uk=y9JI-oMNxZ0rHJ16MUSbTQ&from=diff","28078","0.87","49","115177359"
"122","edgar293025016","https://baike.baidu.com/usercenter/userpage?uk=z9NOUpoVTP8QxfDSu76u9g&from=diff","5347","0.9","0","1764548231"
"124","gfh866001","https://baike.baidu.com/usercenter/userpage?uk=mqF2JOeijmlSQCt-1Nx_0Q&from=diff","1659","0.95","0","80338518"
"125","江男江男","https://baike.baidu.com/usercenter/userpage?uk=ax3WyIfs8xTmBn21pj06hw&from=diff","7432","0.94","0","270222763"
"126","不該有的結局","https://baike.baidu.com/usercenter/userpage?uk=kb1pm8bkslo-s9CfOInywA&from=diff","106408","0.97","25","24556263636"
"127","幸运的小路888","https://baike.baidu.com/usercenter/userpage?uk=bp9GMVwlWFknHHSNUW857Q&from=diff","1004","0.9","0","42394647"
"128","雷蛇汉斯布鲁","https://baike.baidu.com/usercenter/userpage?uk=juzYUpWm03nB_NbatQTSVw&from=diff","1563","0.87","0","1507185129"
"130","清溪浣纱若当年","https://baike.baidu.com/usercenter/userpage?uk=yyzTa-tLPcbQ57AFN58XmA&from=diff","61125","0.99","42","193246076"
"131","百科ROBOT","https://baike.baidu.com/usercenter/userpage?uk=DFkCNylPNpp_B4BwRHfSlQ&from=diff","0","0","0","0"
"133","后生后浪","https://baike.baidu.com/usercenter/userpage?uk=oSyMC2SMer0J5pUrF76c0w&from=diff","85","0.72","0","5187353"
"134","小祈00018180","https://baike.baidu.com/usercenter/userpage?uk=WSYpaPVRWNTLsaqsXUgSxw&from=diff","9","1","0","2907119"
"135","truemo","https://baike.baidu.com/usercenter/userpage?uk=LEx7PfFfXumvQyU3SEGJPA&from=diff","19768","0.66","0","607595277"
"136","老胥头","https://baike.baidu.com/usercenter/userpage?uk=-d44hrfnzF2ewZa8ncfixg&from=diff","18603","0.98","0","1191708924"
"138","热血青年iod","https://baike.baidu.com/usercenter/userpage?uk=KnRYJiHlga6BWeIQb4tK7A&from=diff","7215","0.92","0","174182365"
"139","美好明天2525","https://baike.baidu.com/usercenter/userpage?uk=0OuZOiH0obmDWeGSgZR_dA&from=diff","64027","0.98","0","32251040"
"143","漫舞华夏","https://baike.baidu.com/usercenter/userpage?uk=4dghKll_lY82fKRKmlCYqA&from=diff","37261","0.97","0","5204277591"
"144","和自己喝酒","https://baike.baidu.com/usercenter/userpage?uk=BwLeqf5KoyiyCIWNMHlQ0Q&from=diff","732","0.64","0","4243923"
"145","轻薄少年ren","https://baike.baidu.com/usercenter/userpage?uk=vZw3n_wU_UmhJESO46kTdw&from=diff","7772","0.88","0","99651262"
"147","夏天4fY填","https://baike.baidu.com/usercenter/userpage?uk=P3_5vKngdYSzfucxvi3hqg&from=diff","6","0.85","0","1050250"
"148","Casual的星星","https://baike.baidu.com/usercenter/userpage?uk=7jo0lztig3LvGFj7YmyNvQ&from=diff","33991","0.63","5","1895339519"
"149","bschoolk","https://baike.baidu.com/usercenter/userpage?uk=Plcngidnc2TE-zeqvwpihw&from=diff","209735","0.97","0","35670680125"
"150","666371s","https://baike.baidu.com/usercenter/userpage?uk=P_n7ZHVKD70bj8_eS5Qo0w&from=diff","13236","0.91","0","2820631969"
"151","luohong9274","https://baike.baidu.com/usercenter/userpage?uk=Qi7WNimEtrXGo0yp0e_C4A&from=diff","34464","0.97","208","526165334"
"152","耐撕11","https://baike.baidu.com/usercenter/userpage?uk=DkeWoSltj4TQ1QHjRYMMPQ&from=diff","50217","1","0","734709108"
"153","xcmaskma","https://baike.baidu.com/usercenter/userpage?uk=7l-kQa_0_5Sa_p_-CbtKkQ&from=diff","296204","0.95","231","19245182516"
"155","南方行使","https://baike.baidu.com/usercenter/userpage?uk=QP5syXFgnFE0-IrtnJASwA&from=diff","11870","0.95","0","20077096"
"156","商务BAR","https://baike.baidu.com/usercenter/userpage?uk=nO-6fLWWvCgQ77JNSY4F0w&from=diff","197806","0.97","33","7239864768"
"157","娀窟","https://baike.baidu.com/usercenter/userpage?uk=0SvrgGY7wuQSE6FXq8DZtA&from=diff","55207","0.96","12","5094791520"
"158","爱吃猪脚饭的我","https://baike.baidu.com/usercenter/userpage?uk=AIfwc7JaT-SV-BHe3JEkvA&from=diff","179797","1","41","562338491"
"160","百科用户vg2q0Q","https://baike.baidu.com/usercenter/userpage?uk=diIVdfxInAUivwuMKQXIyg&from=diff","12667","0.96","0","530676491"
"161","双鱼还说啥","https://baike.baidu.com/usercenter/userpage?uk=I37ZcP1lqdeby8cfjglioQ&from=diff","23769","0.98","0","9750419350"
"163","王家小赞","https://baike.baidu.com/usercenter/userpage?uk=xqQ2YP2iZPYPyyDdI1GOLQ&from=diff","13433","0.93","0","25269219"
"165","混子且快乐","https://baike.baidu.com/usercenter/userpage?uk=fkjMZ4nHn876aYTFJEmgzQ&from=diff","60319","0.96","51","95587820"
"166","屏峰山下人","https://baike.baidu.com/usercenter/userpage?uk=Asz5ncA0gxXnsyLfA9Sz4g&from=diff","35236","0.99","0","7054957029"
"167","国服关羽上将","https://baike.baidu.com/usercenter/userpage?uk=LBK7VPVmCwqzsrwE7GD-kQ&from=diff","306","0.97","0","10691185"
"168","权力的探索者","https://baike.baidu.com/usercenter/userpage?uk=MzLTpKUky841Kc7vwmNjwg&from=diff","311895","1","0","10836871308"
"169","只宠迩一人","https://baike.baidu.com/usercenter/userpage?uk=jB8wJ8WleNS5c8IYa3poXw&from=diff","65277","0.94","3","103158548"
"170","星月夜777","https://baike.baidu.com/usercenter/userpage?uk=YPHxjWBr20a6fOiyw4Oqwg&from=diff","103944","0.99","0","3901197103"
"171","和蔼的星辰_","https://baike.baidu.com/usercenter/userpage?uk=npaBkaB5lODbe9KHzCk8Xg&from=diff","11619","0.9","0","324257532"
"173","沐之啨myth","https://baike.baidu.com/usercenter/userpage?uk=Iw0hr90-Kl9tBbfoUVcr7g&from=diff","40203","0.98","714","6066880752"
"175","爱吃大米emo","https://baike.baidu.com/usercenter/userpage?uk=ZUtGzjSCOiz5d40Zx4k0kA&from=diff","60431","0.92","0","247356773"
"178","长衫赵纸龙","https://baike.baidu.com/usercenter/userpage?uk=AqsLvVmOQyijFTWZ7P4NGg&from=diff","27387","0.89","62","19581999410"
"179","ji...a@yeah.net","https://baike.baidu.com/usercenter/userpage?uk=0RBZ2Bhsp6o_cMAf72w4hw&from=diff","173","0.83","0","16498844"
"180","young普","https://baike.baidu.com/usercenter/userpage?uk=vxx3vIWqL5J2ClPgfwziOQ&from=diff","45264","0.59","3","7833949113"
"181","c6g","https://baike.baidu.com/usercenter/userpage?uk=GCFbbvRfvoF276Ky766Log&from=diff","11482","1","30","7214051499"
"182","城_time","https://baike.baidu.com/usercenter/userpage?uk=UNk4x5g_vYQGOYFzREBE9Q&from=diff","75280","1","0","156562074"
"185","狐仙说历史","https://baike.baidu.com/usercenter/userpage?uk=nDoFb6sDqGrLhHfaS3PAIg&from=diff","3248","0.97","0","596037053"
"186","小劈腿丶","https://baike.baidu.com/usercenter/userpage?uk=0ShVPMPoAy--wafVev85fw&from=diff","12626","0.99","0","33013770"
"187","跑酷加油176","https://baike.baidu.com/usercenter/userpage?uk=c7_UpyF69B_eASBWWLPEGg&from=diff","1755","0.9","0","74679032"
"188","peishaopeng1","https://baike.baidu.com/usercenter/userpage?uk=BeURb0vH8-HpE4nHGf1Gdg&from=diff","9808","0.97","0","1411770777"
"190","沫沫MHT","https://baike.baidu.com/usercenter/userpage?uk=41IYC1eoc0yKQPPm_WgwwA&from=diff","241046","0.98","563","8981514971"
"195","贵霜行省","https://baike.baidu.com/usercenter/userpage?uk=B7-bNeWC3luUdgznQR3FgA&from=diff","13003","0.97","4","712179446"
"196","至尊宝2013","https://baike.baidu.com/usercenter/userpage?uk=WYwBDdKSvD1zCxlWotjKmA&from=diff","8557","0.78","0","1626157091"
"197","北京市书协","https://baike.baidu.com/usercenter/userpage?uk=RVnY2CP--01r56sNQqeVQw&from=diff","24735","0.84","0","1735377918"
"198","南国之南没有男","https://baike.baidu.com/usercenter/userpage?uk=oikfg2A3WEaDFj6a1kkpNA&from=diff","5672","0.75","0","94212600"
"199","中国书画家知道","https://baike.baidu.com/usercenter/userpage?uk=AVHU1LWXdUt4XktUL-vBEw&from=diff","1","1","0","1038821"
"200","雷伊利课","https://baike.baidu.com/usercenter/userpage?uk=2JmG1pwP32F35pF0-i3D2g&from=diff","446551","0.97","46","2225938398"
"202","疯丫头等等我T","https://baike.baidu.com/usercenter/userpage?uk=SNNlZcjcJKEPgOBLKWpqwA&from=diff","18807","1","2","2446348265"
"204","凌鸡行赢","https://baike.baidu.com/usercenter/userpage?uk=zgRh_uf3NNvF1Ql9bZ1PLg&from=diff","190","0.89","0","6016063"
"205","微信红包头条","https://baike.baidu.com/usercenter/userpage?uk=UHEqPTRNWoafgLWLL6Sn3w&from=diff","8557","0.89","0","78880565"
"206","没啥意思啊摩羯","https://baike.baidu.com/usercenter/userpage?uk=5CY7BMpOyV96UIzRMCBXjg&from=diff","90589","0.94","0","710034317"
"207","0425KJK50","https://baike.baidu.com/usercenter/userpage?uk=p6nfrIEDB5tE-xMdX86-Ow&from=diff","583","0.99","0","1196528"
"208","一如既往11024","https://baike.baidu.com/usercenter/userpage?uk=f3h5jF5KHfPk8ktgAGlalA&from=diff","85942","0.96","0","14169257"
"212","唯一的明帝","https://baike.baidu.com/usercenter/userpage?uk=IsazsrgARecUwdAaZaOOpw&from=diff","24233","0.91","736","773598782"
"213","盐汁油梨鸭","https://baike.baidu.com/usercenter/userpage?uk=lOxKNc11vyATwpznY2HGhg&from=diff","130834","0.92","104","244946673625"
"214","wuyongpeng88","https://baike.baidu.com/usercenter/userpage?uk=dkEAYQ0M9JP7vEf1upr8bw&from=diff","85901","1","5","1689742249"
"216","一起干奖品","https://baike.baidu.com/usercenter/userpage?uk=C2GfJEO7Fy0xD4xyCc2m_g&from=diff","6753","0.84","0","177840862"
"217","修行改变我人生","https://baike.baidu.com/usercenter/userpage?uk=Ktc2bUoDIhN0VuaWtyyQEQ&from=diff","42182","0.72","14","18122992014"
"218","墨wimk","https://baike.baidu.com/usercenter/userpage?uk=G4qwBw1iFoAJFj-I5_LLeQ&from=diff","12662","0.79","0","782077609"
"219","微风不堪回首","https://baike.baidu.com/usercenter/userpage?uk=aNS8alFmce2wSua08KVcfA&from=diff","117489","1","0","1864019967"
"220","小飛侠彼得·潘","https://baike.baidu.com/usercenter/userpage?uk=yTol2vQxGK0QFhRtx7IQ3A&from=diff","5650","1","4","2586438694"
"221","西柚苹果i","https://baike.baidu.com/usercenter/userpage?uk=_y6cRgyG2ONJGsYnCrUQiA&from=diff","133872","0.8","17","359420884"
"222","钡盒焉醚地","https://baike.baidu.com/usercenter/userpage?uk=nIbmSlHbKyFQvE1Qxx3nPg&from=diff","178","0.96","0","1392961"
"224","_Smile_e淡莣","https://baike.baidu.com/usercenter/userpage?uk=gTTV2lDA1MCZ3cW74URKpg&from=diff","1617","1","0","38516665"
"226","原谅盛装出席L","https://baike.baidu.com/usercenter/userpage?uk=jN0fkg0g8vjtt2YD8zzcdQ&from=diff","7233","0.9","0","12565348"
"227","li13432382304","https://baike.baidu.com/usercenter/userpage?uk=xrDzK77I4g9zrR1iyVzi6g&from=diff","186253","0.7","0","11929530725"
"228","中国钱江源","https://baike.baidu.com/usercenter/userpage?uk=EuDbYUICZ_3KkTLZJ0g0Eg&from=diff","6817","0.85","0","5729445064"
"230","吩竟爬藏辭擠jx","https://baike.baidu.com/usercenter/userpage?uk=lbIbpfCNlZqaCrRwVxf6MA&from=diff","1","0.14","0","1040853"
"231","繞誠濁浪沽棵gu","https://baike.baidu.com/usercenter/userpage?uk=szdKATo4_SQL7MjahAD3wg&from=diff","3","0.25","0","1050743"
"232","金石为开318","https://baike.baidu.com/usercenter/userpage?uk=aHxg0N75-rxI73C1hTfwpQ&from=diff","5","0.21","0","2335617"
"233","竞争86","https://baike.baidu.com/usercenter/userpage?uk=giT2GQxi37_K3o6qSbcpTg&from=diff","1095","0.99","0","199467056"
"234","su...6@163.com","https://baike.baidu.com/usercenter/userpage?uk=owcGgvZM--evIBTCvRkgGw&from=diff","5","0","0","2473218"
"235","hwrm03","https://baike.baidu.com/usercenter/userpage?uk=DALptBWAGMX_IPfMEZzCpw&from=diff","9","0.29","0","2391824"
"237","QC_MUYI","https://baike.baidu.com/usercenter/userpage?uk=RHUUf0JoJHaEXF_47IIMVA&from=diff","2","0","0","1626553"
"238","网视无忧","https://baike.baidu.com/usercenter/userpage?uk=9I-JloDEqtRNpA5dXv180g&from=diff","7","0.11","0","76760"
"239","天空不作美女","https://baike.baidu.com/usercenter/userpage?uk=e0ovNaSHFLKh-7xLWqNKHg&from=diff","2210","0.96","0","2682122"
"245","梦清川吧","https://baike.baidu.com/usercenter/userpage?uk=fhl8S_NsRZe-M_2QD5KU4A&from=diff","6495","0.53","0","415833606"
"247","七杀必丶","https://baike.baidu.com/usercenter/userpage?uk=f0q-in_u08Rv_87XOAwlcQ&from=diff","1362","0.86","0","85943323"
"249","一枚新人vip","https://baike.baidu.com/usercenter/userpage?uk=2dBGne6ae1DgTL4XKGWQyA&from=diff","20637","0.51","2","52917704"
"250","fangdzsw","https://baike.baidu.com/usercenter/userpage?uk=2nz8dYps2ANDk_iMu4oWxw&from=diff","58522","0.85","1","22484409018"
"251","苦瓜烙","https://baike.baidu.com/usercenter/userpage?uk=TdmS7jVJMzGac_4ca0Xzmg&from=diff","9742","0.9","0","135776056"
"252","陕甘宁贤","https://baike.baidu.com/usercenter/userpage?uk=2Eh9j1_UlpTdtgVhAHCktw&from=diff","88695","0.99","5","10092753944"
"253","哪有什么错与对","https://baike.baidu.com/usercenter/userpage?uk=rgIdmgYyO398KwQWYybOzw&from=diff","82034","0.92","0","91012621"
"254","h4...7@163.com","https://baike.baidu.com/usercenter/userpage?uk=7MzJJitZjRzti0yAr7KXUw&from=diff","114","0.98","0","6501963"
"255","一分钱郝甲桥","https://baike.baidu.com/usercenter/userpage?uk=0mWXvCOC9QKZXdkEyXHWuA&from=diff","175","0.96","0","31733995"
"258","涵宇Q","https://baike.baidu.com/usercenter/userpage?uk=sAKxvCB7Bi22BNyXo0TMfQ&from=diff","145505","0.7","0","85539479"
"259","米卡的猕猴桃啊","https://baike.baidu.com/usercenter/userpage?uk=7iduKAP10pQtKFnwfHOkUA&from=diff","66","0.52","0","19307332"
"263","古木居士","https://baike.baidu.com/usercenter/userpage?uk=hXVto8uq-dnjMpwB_rxdEw&from=diff","337","0.91","0","36001728"
"265","百度用户#08120357346811","https://baike.baidu.com/usercenter/userpage?uk=WS9ZB-pprvbkzocBrTg-ZA&from=diff","24","0.96","0","278750"
"267","好运伴伴666","https://baike.baidu.com/usercenter/userpage?uk=xedjjlCW2lgbr20Z5J_CNA&from=diff","70850","0.98","0","10132258"
"268","elainelqy38","https://baike.baidu.com/usercenter/userpage?uk=VEfYhkP_oFjjdhpCeu65QA&from=diff","26568","1","0","2937741589"
"269","170******66","https://baike.baidu.com/usercenter/userpage?uk=vrQzutrQlmS2bHskDx_p3A&from=diff","3","0.42","0","45277"
"271","灬灬小仙女","https://baike.baidu.com/usercenter/userpage?uk=PopUwrdqKA9i_tLRKCJOTw&from=diff","509","0.85","0","10226184"
"272","金金金金金金妍","https://baike.baidu.com/usercenter/userpage?uk=6MVNJ9JDMv7zlBVeM45Kug&from=diff","7419","0.81","0","2785762684"
"274","dbb595","https://baike.baidu.com/usercenter/userpage?uk=YEnWOyQ91fcL7iIb98Xnig&from=diff","76","0.74","0","22757900"
"275","sederjean","https://baike.baidu.com/usercenter/userpage?uk=c2vZ9oITqHxHtlIBpqf3-w&from=diff","185","0.72","0","84997448"
"276","嘉嘉女王_","https://baike.baidu.com/usercenter/userpage?uk=NI5SrerDkZI8iualLrxoRA&from=diff","1","1","0","25573"
"277","d9181943","https://baike.baidu.com/usercenter/userpage?uk=aHIQQCE85eeiYq_6_hqqLA&from=diff","55","0.67","0","1717970"
"278","vugbn","https://baike.baidu.com/usercenter/userpage?uk=Czro2vzOTlmbLEGiTJNLpA&from=diff","31","0.7","0","7538690"
"279","杜镕辰","https://baike.baidu.com/usercenter/userpage?uk=CzCrRg0SZshaCJFyoMrpqA&from=diff","40","0.83","0","5268437"
"280","大河原穷袜","https://baike.baidu.com/usercenter/userpage?uk=9MXt_ObdvnbysI3Pp_LQ0w&from=diff","278","0.89","0","16166877"
"282","热恋jcIP","https://baike.baidu.com/usercenter/userpage?uk=x-PdQBZFiSzkbwR0G6RW1g&from=diff","12","1","0","805952"
"283","120N","https://baike.baidu.com/usercenter/userpage?uk=_AgmiXLcdEqX8AUKkMTVTA&from=diff","39765","0.93","31","9171422663"
"284","Arale_J_","https://baike.baidu.com/usercenter/userpage?uk=oWRgk0vOUflv4R4bpbGQMw&from=diff","163","0.72","0","38588103"
"285","叁贵国际传媒","https://baike.baidu.com/usercenter/userpage?uk=vSgCwBnjSfXbJ_hE2mGTfA&from=diff","46","0.6","0","29197210"
"286","小井胡同365","https://baike.baidu.com/usercenter/userpage?uk=-gzCiGyg711XYim9000ApQ&from=diff","11479","0.76","0","1089201444"
"288","冀有陉鲜事儿2","https://baike.baidu.com/usercenter/userpage?uk=JNu7fa-wydx3OHHGNAbUOw&from=diff","5224","0.94","1","764709859"
"289","校园帥","https://baike.baidu.com/usercenter/userpage?uk=2UJyodH-tFG3Xrzd4I9ZZA&from=diff","5360","0.96","40","325591645"
"290","春暖花开大晴天","https://baike.baidu.com/usercenter/userpage?uk=IyXQMSz3oVFp-BBa_jcs2w&from=diff","147","0.98","0","14658637"
"291","百科用户gIiogD","https://baike.baidu.com/usercenter/userpage?uk=TDpKlX8CV7wW8XASgsM7KQ&from=diff","1432997","1","0","90827978440"
"292","机器猫xdq","https://baike.baidu.com/usercenter/userpage?uk=5EKGcMEvnii4qG_jKK-L-w&from=diff","57670","0.98","0","43909361"
"293","FM一9785","https://baike.baidu.com/usercenter/userpage?uk=k7xO6NxQqVHbwX3jybHvRg&from=diff","30586","0.98","0","23617285"
"295","风叶寄远","https://baike.baidu.com/usercenter/userpage?uk=ONiBsT_lZwBEpXfyYzo-5Q&from=diff","3288","0.98","0","637400665"
"296","风中奇缘885","https://baike.baidu.com/usercenter/userpage?uk=t5fxXl6oLba8Pb9GymUQnw&from=diff","44098","0.99","0","9543986380"
"297","绿树叶222","https://baike.baidu.com/usercenter/userpage?uk=HDNENg13RRdogaFZRkZzAg&from=diff","48884","0.81","23","26734170"
"300","可爱的尘世","https://baike.baidu.com/usercenter/userpage?uk=IqgQD7PsFjb1YKB_1H8UFQ&from=diff","9065","0.95","175","7417770975"
"301","_hc20110606","https://baike.baidu.com/usercenter/userpage?uk=ppQMJfB0bI2XTYHQiGq9JA&from=diff","5","0.55","0","1200495"
"303","burgeon","https://baike.baidu.com/usercenter/userpage?uk=ZsqwHwpm6p9yTvTUpgvr4Q&from=diff","39910","0.94","0","43122332752"
"304","eyu88zy","https://baike.baidu.com/usercenter/userpage?uk=8S4pL3hTMWADFN1SNXyIUg&from=diff","7491","0.93","0","1681488514"
"305","张之乾","https://baike.baidu.com/usercenter/userpage?uk=aQvy-0-4ZAPR6OjPb4eRNw&from=diff","4","0.8","0","1357146"
"309","Mxxyzz","https://baike.baidu.com/usercenter/userpage?uk=uisKCarGkSFobw7SW6AP3Q&from=diff","170300","0.87","0","125562190"
"314","过客乙t","https://baike.baidu.com/usercenter/userpage?uk=quO5V78SOBboxRgtMo_9oQ&from=diff","20293","0.77","5","1756519972"
"315","司小琪143","https://baike.baidu.com/usercenter/userpage?uk=dAYTWzgKuy5xSzM4JwlyHg&from=diff","9375","0.92","0","154045359"
"318","宇林之歌","https://baike.baidu.com/usercenter/userpage?uk=NR7fnwjpA7LAi6aOCJX02A&from=diff","16213","0.97","43","18888955"
"319","WfireflyW","https://baike.baidu.com/usercenter/userpage?uk=-CfE7UzQiBuxyhfeRevmSQ&from=diff","13216","1","0","3908830"
"320","杈涙墘馃巿","https://baike.baidu.com/usercenter/userpage?uk=snWM37qubVH0JxZW74WrFQ&from=diff","103953","0.87","0","47309010"
"322","玲珑570","https://baike.baidu.com/usercenter/userpage?uk=xbly007nwrsKm9WHK4_r6A&from=diff","44244","0.93","104","1089266706"
"323","BACDUIDBC","https://baike.baidu.com/usercenter/userpage?uk=kdeIHBpWujzK1N0VW8Au6w&from=diff","674","0.9","0","1582642"
"327","百科发烧粉","https://baike.baidu.com/usercenter/userpage?uk=uqLoxUehmFw7UHtR-FUVag&from=diff","197","0.61","0","12473628"
"328","我形我塑___","https://baike.baidu.com/usercenter/userpage?uk=3qak01rvE__U4eysJONxfw&from=diff","1125","0.53","0","51594165"
"330","li...1@163.com","https://baike.baidu.com/usercenter/userpage?uk=1e4wLUgy1epsWfe9u-1jLg&from=diff","6","0.37","0","17701"
"331","xgvvuzws828879","https://baike.baidu.com/usercenter/userpage?uk=PeJzHzyFh8oua2vZzyJBug&from=diff","6","0.66","0","36231"
"332","1132guai","https://baike.baidu.com/usercenter/userpage?uk=qYM2K1rP1XAysDVEzfgNoQ&from=diff","150","0.8","0","10382919"
"333","百科超级ROBOT","https://baike.baidu.com/usercenter/userpage?uk=AFAO1-3O-fUyJlXzEjAzww&from=diff","403","0.05","0","34659029"
"334","超强志兴","https://baike.baidu.com/usercenter/userpage?uk=-BP_gvXlEtQAjm1bEIz4NA&from=diff","596","0.49","0","809862"
"335","大宝我最爱","https://baike.baidu.com/usercenter/userpage?uk=HfLWabZxFZZIhd2N3YZ6DA&from=diff","6","0.53","0","58488"
"336","sw9id0","https://baike.baidu.com/usercenter/userpage?uk=kCfmobrybRS-HvQdDrh3cA&from=diff","36","0.92","0","1207703"
"337","浅笑眉语间","https://baike.baidu.com/usercenter/userpage?uk=OD-J3QhRJjDcSrNBMuk7NA&from=diff","30266","0.97","0","193021263"
"339","Hq49fe1M群","https://baike.baidu.com/usercenter/userpage?uk=aAVhimMXC0Dd87JYtLfFnA&from=diff","131","0.97","0","3566902"
"342","志龙的小胜利","https://baike.baidu.com/usercenter/userpage?uk=Bh0Fmj6ydf9t7xiKd_tpeg&from=diff","80877","0.97","30","681649957"
"343","wind386","https://baike.baidu.com/usercenter/userpage?uk=o9KjMep8zQjxgR3zNGrWDA&from=diff","7062","0.95","179","3971486671"
"344","feihu528","https://baike.baidu.com/usercenter/userpage?uk=hUe-DM-DZ86e-Iv_wyp3jg&from=diff","257","0.53","0","8530024"
"350","話說當年","https://baike.baidu.com/usercenter/userpage?uk=AN-gABtkz1MLVz4OwSq6XA&from=diff","46335","0.94","166","10350796269"
"351","快乐T吧","https://baike.baidu.com/usercenter/userpage?uk=7dNZvC8HXhJuKqL946sRSA&from=diff","33356","0.81","0","12855342192"
"352","WANGHANLIN32","https://baike.baidu.com/usercenter/userpage?uk=QWsozZEYx9UfLtpmF1xWMQ&from=diff","32966","0.87","12","1442535788"
"354","梦想依然的春天","https://baike.baidu.com/usercenter/userpage?uk=SLECatQJorRtO4uQL9VRnQ&from=diff","36","0.84","0","25639299"
"355","helvite","https://baike.baidu.com/usercenter/userpage?uk=NjH-RSzrVCugaXIbM7jfHQ&from=diff","6806","1","227","16341034284"
"357","青青的麦田year","https://baike.baidu.com/usercenter/userpage?uk=-yYFLXi_thHjFp-WGVadDg&from=diff","176621","0.96","15","8043194939"
"358","zhangjunpan007","https://baike.baidu.com/usercenter/userpage?uk=r7fapj9ptKp2PxkxFXTsMg&from=diff","30966","0.92","183","21213541638"
"359","ybfj355atf","https://baike.baidu.com/usercenter/userpage?uk=v2WRzENnbodWFY_2lScEZg&from=diff","244","0.99","0","47202646"
"360","ゞ飘♀","https://baike.baidu.com/usercenter/userpage?uk=yIg8zrp3muq_NkEWi4RoWw&from=diff","144111","0.9","2114","26750105030"
"361","dcy777","https://baike.baidu.com/usercenter/userpage?uk=F319H7zbSa0_vZxmTEkC3w&from=diff","7660","0.96","0","171426701"
"362","萧忆靖澈","https://baike.baidu.com/usercenter/userpage?uk=8BdJhkQzNRI8KXyJHDfNHg&from=diff","32403","0.95","0","18481609515"
"363","qw正","https://baike.baidu.com/usercenter/userpage?uk=Ev-pWf3I2GMMnt0e2wy9qg&from=diff","13800","0.91","0","24109497"
"367","152******37","https://baike.baidu.com/usercenter/userpage?uk=R6Uifq_BbH3phueR1szgPA&from=diff","5081","0.24","0","32997462"
"368","Similarity_","https://baike.baidu.com/usercenter/userpage?uk=WI9QYihl3Kg5KPv5L8shug&from=diff","57246","0.97","153","251490264"
"369","场3qfy地_","https://baike.baidu.com/usercenter/userpage?uk=WWynctB8femN4JWzp6P4AQ&from=diff","158","1","0","11584185"
"371","wujinmiao123","https://baike.baidu.com/usercenter/userpage?uk=WNtx8U7QwnJjM_sHuQofmQ&from=diff","92669","0.93","404","64727091441"
"373","网络专线","https://baike.baidu.com/usercenter/userpage?uk=I34io9XzVbs1YVVitPQOow&from=diff","3439","0.95","13","320928511"
"374","wuyanjie87","https://baike.baidu.com/usercenter/userpage?uk=XetkwZaq7Fy4_3UISmlSFA&from=diff","19496","0.99","159","11245343197"
"375","v小小人","https://baike.baidu.com/usercenter/userpage?uk=vCZuvcSxsg5Er4jt573OZQ&from=diff","241873","0.41","0","10114670510"
"376","lgyork","https://baike.baidu.com/usercenter/userpage?uk=NPjTj93pe9V8vplT04vw6Q&from=diff","277350","0.6","0","4503336110"
"378","士珊叭侠释粮","https://baike.baidu.com/usercenter/userpage?uk=1igRTzaH6MMr_6OI3fr1Vw&from=diff","413","0.99","0","10269197"
"379","天津一标阀门0","https://baike.baidu.com/usercenter/userpage?uk=80nzVYLH0fQayYzwjogWmQ&from=diff","702","0.87","0","3134556"
"382","居四鼠","https://baike.baidu.com/usercenter/userpage?uk=f4rs-5HuKLPuJOu9vcWUCA&from=diff","895","0.99","0","6525516"
"384","来自冥王星的她","https://baike.baidu.com/usercenter/userpage?uk=7FLtni7I0K0VLTyXN5_EaQ&from=diff","7969","0.91","0","4356131406"
"385","我宥我精彩","https://baike.baidu.com/usercenter/userpage?uk=KtVUrxXl7ein0f7B6LzMLg&from=diff","6781","0.91","0","25932815"
"389","東在你身邊","https://baike.baidu.com/usercenter/userpage?uk=vCy7L2fmDevg9sTXWOtmSA&from=diff","100205","0.98","0","19940057992"
"390","cauchy7203","https://baike.baidu.com/usercenter/userpage?uk=Pch86eJL6zTHFtJ0kNahlw&from=diff","10","0.66","0","4505610"
"392","留__手","https://baike.baidu.com/usercenter/userpage?uk=EJYgmWKBcjXgN8OHsC6RoQ&from=diff","194871","0.71","0","55918087296"
"393","tag糖糖","https://baike.baidu.com/usercenter/userpage?uk=kADf3tg_849FfpPf8DphiQ&from=diff","154700","0.59","0","486296356"
"394","pkuman","https://baike.baidu.com/usercenter/userpage?uk=VlU2IqBmTjaLfsNIx700OQ&from=diff","12680","0.78","0","5060058102"
"395","aka卡布达121","https://baike.baidu.com/usercenter/userpage?uk=zA5OXM7_ASd39ZKfDHiY6A&from=diff","38125","0.92","0","813212921"
"396","紫雪510","https://baike.baidu.com/usercenter/userpage?uk=x4QVhlwaq0UUo0qlP7cvtQ&from=diff","180728","0.99","0","144641823366"
"402","帝国戦士","https://baike.baidu.com/usercenter/userpage?uk=YkIpVA5bkq4rn2YyYZfn7w&from=diff","18881","0.95","0","227016836"
"403","捕风恋影","https://baike.baidu.com/usercenter/userpage?uk=PnmMAW3CvnWZ6-KybUhyYQ&from=diff","316862","0.75","4","144694542748"
"404","霹雳七星","https://baike.baidu.com/usercenter/userpage?uk=6qXdOC5NjifD6qPKZudClw&from=diff","8225","0.79","0","7441428225"
"406","十分音付","https://baike.baidu.com/usercenter/userpage?uk=gCVDPut7dPECcm4iGctxoA&from=diff","532","0.88","0","847756076"
"409","看笔走龙蛇","https://baike.baidu.com/usercenter/userpage?uk=Lc2c8xOIjSf12_4CfTfxag&from=diff","84","0.84","0","87621319"
"410","wenlee019","https://baike.baidu.com/usercenter/userpage?uk=CtTZ0TJgNU4WgZdck5z61g&from=diff","56","0.73","0","36351379"
"411","64年的大叔汀","https://baike.baidu.com/usercenter/userpage?uk=GDuoAN8ZcsRyBfnVub0Q4Q&from=diff","57","0.73","0","6864922"
"412","雷霆洛起","https://baike.baidu.com/usercenter/userpage?uk=8jAD_-qaaVBzkczy2bd-Hw&from=diff","10476","0.98","33","2533898109"
"414","雪绒花荣","https://baike.baidu.com/usercenter/userpage?uk=a5Q46KodsBjuO1Ola3XQAQ&from=diff","4","0.36","0","1258569"
"417","峰是白色的","https://baike.baidu.com/usercenter/userpage?uk=Oe9EmsDcQUJL4-r5ECnzhA&from=diff","23548","0.98","2473","18560921200"
"418","HWAXA0qN","https://baike.baidu.com/usercenter/userpage?uk=nnTR9M0G8ntk9gp2wbY2JA&from=diff","1","1","0","1173847"
"419","gy199108","https://baike.baidu.com/usercenter/userpage?uk=Y-_Sto6-rBB5FDVzdJTa3w&from=diff","3753","0.61","0","678119042"
"420","yuki珏","https://baike.baidu.com/usercenter/userpage?uk=AZkCPgTHoE1pJN9XL7e14w&from=diff","6","1","0","5574469"
"422","1坐看流星划落3","https://baike.baidu.com/usercenter/userpage?uk=RUj2jXPNyugiL8slFnLYQw&from=diff","36","0.49","0","9562035"
"423","极寒2","https://baike.baidu.com/usercenter/userpage?uk=0K0Z5N8E0udT0FxSZYrPJg&from=diff","37","0.86","0","22493937"
"425","木兮04387","https://baike.baidu.com/usercenter/userpage?uk=_XBmT3pJ9d-kt5s2zrUROQ&from=diff","10","1","0","1343150"
"426","xunshuangfei","https://baike.baidu.com/usercenter/userpage?uk=KgeJrVbv_qmsfjwiwFH0IQ&from=diff","570","0.97","0","57471350"
"428","學會—忘記","https://baike.baidu.com/usercenter/userpage?uk=sZAuensyb2Q_C1cTttJy1Q&from=diff","27457","0.88","48","996640638"
"435","百度用户#08120260245692","https://baike.baidu.com/usercenter/userpage?uk=nIhOaORxF7PiB-CcUxvPMQ&from=diff","94","0.96","0","8179716"
"436","Jo64kx9","https://baike.baidu.com/usercenter/userpage?uk=tMHymE_ZQiDNcOXu7dRxYg&from=diff","414","0.97","0","1810778"
"437","灵辩南归","https://baike.baidu.com/usercenter/userpage?uk=6owCmg08HFdWcwycuphiog&from=diff","514","0.99","0","5255629"
"439","助人为乐261","https://baike.baidu.com/usercenter/userpage?uk=tSBkPeUKUZ6x7CArA0tlXA&from=diff","89722","0.8","0","20133734784"
"441","QQ858158603","https://baike.baidu.com/usercenter/userpage?uk=gzXZYyrsQ8JyFf94kN74-A&from=diff","1033","0.72","0","990348421"
"442","二斯是你哥","https://baike.baidu.com/usercenter/userpage?uk=p_623e6XWTta_RVCUr3G1Q&from=diff","13692","0.88","0","205420528"
"443","哇无语嘎","https://baike.baidu.com/usercenter/userpage?uk=MUmUtNWOtmnzlknUOlbIBw&from=diff","27382","0.93","0","172408161"
"445","0零度的风","https://baike.baidu.com/usercenter/userpage?uk=l5gDeNYtwpY2Xgiq2Jb7aQ&from=diff","259423","0.99","0","1503410763"
"446","涼城依旧","https://baike.baidu.com/usercenter/userpage?uk=ZZ3GN21raWOZULkSXjaxuQ&from=diff","79721","1","0","1699921974"
"447","慧么么929","https://baike.baidu.com/usercenter/userpage?uk=5QKYRgJ5Pf6LcqwjvMU2pg&from=diff","20675","1","0","4662729"
"452","种蘑菇的提莫1","https://baike.baidu.com/usercenter/userpage?uk=x4iBdX839idyj9yVveRGTg&from=diff","301693","0.86","30","14734741933"
"453","唐艺璇天蝎","https://baike.baidu.com/usercenter/userpage?uk=N3Roao6HIgGnUf1wmhTp0A&from=diff","379","0.84","0","125733342"
"454","枫涞","https://baike.baidu.com/usercenter/userpage?uk=pCYwvzmfhA1-Q32NN9xhXw&from=diff","264","0.97","0","5934412"
"455","lubianshe1","https://baike.baidu.com/usercenter/userpage?uk=n8TbyZCZl3PNK4gu90_lyA&from=diff","43397","0.93","1","9461120793"
"456","hprg44","https://baike.baidu.com/usercenter/userpage?uk=zFSb9dQqYM-6EEeLdvcuDg&from=diff","232","0.94","0","1316484"
"459","du泡芙","https://baike.baidu.com/usercenter/userpage?uk=c3rUmThEXKQS52ZxyRJdPg&from=diff","435","0.86","0","265793649"
"460","fastwalk","https://baike.baidu.com/usercenter/userpage?uk=lzVuZ3PMjLffb7MTVyp5uA&from=diff","82756","0.94","71","73559664192"
"461","Jerry_0406","https://baike.baidu.com/usercenter/userpage?uk=qBMSAOUClcRDk9RE8eRT1Q&from=diff","441","0.75","0","77245469"
"462","加勒比海带22","https://baike.baidu.com/usercenter/userpage?uk=D1FI4bOhioQfH5vKRIEktA&from=diff","6","0.24","0","41080"
"463","zbc012304045","https://baike.baidu.com/usercenter/userpage?uk=XavmA6-tz_7ye2d5V3tWUA&from=diff","8","0.5","0","6434942"
"464","bingxsb","https://baike.baidu.com/usercenter/userpage?uk=wboV7swE7CfHXm20WwIbxA&from=diff","1107","0.86","2","142849599"
"466","lfg19654","https://baike.baidu.com/usercenter/userpage?uk=mgFxryduRH1a55sgcqodrA&from=diff","10770","0.97","16","952624216"
"468","青猫朗朗","https://baike.baidu.com/usercenter/userpage?uk=1Vm_89tQNQZrTlDfHhidPw&from=diff","3194","0.81","0","24414089"
"469","yangzhemin12","https://baike.baidu.com/usercenter/userpage?uk=6zAoHVenEBO_IOMTr44gbA&from=diff","43127","0.36","3","2295780453"
"470","ttt45412","https://baike.baidu.com/usercenter/userpage?uk=3agtMB0IO1FW49fd97Hi6A&from=diff","59237","0.96","226","12868357988"
"471","ITSATENG","https://baike.baidu.com/usercenter/userpage?uk=WE2A5_m8ImfravTGAfxDdQ&from=diff","14360","0.92","0","69959191"
"475","嘿哈84","https://baike.baidu.com/usercenter/userpage?uk=2mK19tRf_FKPno-dZs2LCg&from=diff","2","0.4","0","20350"
"477","天津一标阀门21","https://baike.baidu.com/usercenter/userpage?uk=0gnKtpSyC7frHqTqw2ATIg&from=diff","274","0.77","0","1409316"
"478","末里为未","https://baike.baidu.com/usercenter/userpage?uk=Dk7zrzfe2Sigh_kCm534NQ&from=diff","61611","0.98","497","2272231855"
"480","射手四川人","https://baike.baidu.com/usercenter/userpage?uk=9UKCZQ6F941Vgq9MwRc3LQ&from=diff","8929","0.72","0","313101188"
"483","格斗天王2046","https://baike.baidu.com/usercenter/userpage?uk=WLE0sXm0jMGjXsic8q9AUw&from=diff","42877","0.05","49","3051207928"
"484","天蝎说好的等我","https://baike.baidu.com/usercenter/userpage?uk=sJ3WGk5VUpuF80PFVFQkZQ&from=diff","363","0.42","0","89633646"
"486","sporting雍谏酱","https://baike.baidu.com/usercenter/userpage?uk=DMT02t-xV6gBU_NfiAWtRw&from=diff","225","0.9","0","4497258"
"487","苛卜渴","https://baike.baidu.com/usercenter/userpage?uk=4QQNPtssc8pNOzzLnZrnYg&from=diff","79912","0.85","0","10065555296"
"493","第一夜蔷薇66","https://baike.baidu.com/usercenter/userpage?uk=yvx4vp10aGyXcNYMvuA-JA&from=diff","538","1","0","36345687"
"494","1127wyf","https://baike.baidu.com/usercenter/userpage?uk=Lwwi-Ii7qb6qfzH254kDzg&from=diff","2","0.66","0","30445"
"495","万万万yeahyeah","https://baike.baidu.com/usercenter/userpage?uk=HdlsGf3Qi5VyKWM2rKdY6A&from=diff","2","0.66","0","14712"
"500","骑母猪闯高速","https://baike.baidu.com/usercenter/userpage?uk=K-y4Ua3Ch1TNVy4WP6LUpw&from=diff","1431","0.8","0","353469292"
"501","黄春禾","https://baike.baidu.com/usercenter/userpage?uk=-aP4uNnMsMFBT-Zy1wv63A&from=diff","21251","0.97","0","1076266670"
"502","屋角的落寞LOVE","https://baike.baidu.com/usercenter/userpage?uk=1Z2z3WFeuErEyVq6PjelFQ&from=diff","21","0.42","0","82718"
"503","lubinasd","https://baike.baidu.com/usercenter/userpage?uk=U6jlahpV_maNe9PaFqhVfg&from=diff","102","0.73","0","248463"
"507","百科用户JdQ2pw","https://baike.baidu.com/usercenter/userpage?uk=ODTmP9d_va0Blvvg7ncI1A&from=diff","48","0.45","0","256498"
"510","百科用户F7EJox","https://baike.baidu.com/usercenter/userpage?uk=ZCHoT6tD7CEP9-azsSLB-Q&from=diff","40","0.43","0","274168"
"514","XIAOJIA062202","https://baike.baidu.com/usercenter/userpage?uk=luIfl1XLCxFx2AgXPmPfDw&from=diff","2","0.25","0","12859"
"516","华玓","https://baike.baidu.com/usercenter/userpage?uk=prWGXqHGh2nOwdZPWQ1aIQ&from=diff","1043","0.97","0","893470"
"519","四方小区","https://baike.baidu.com/usercenter/userpage?uk=hXZEQziCZHxRWxH97t6DHw&from=diff","125","0.12","0","10806918"
"521","z1002724259","https://baike.baidu.com/usercenter/userpage?uk=irdpYnzeWq_RdIXL3DmZ0A&from=diff","58","1","0","370902"
"522","堕落小胖墩","https://baike.baidu.com/usercenter/userpage?uk=j25ncvpT2GAhqOKGefj0qQ&from=diff","859","0.91","0","13657150"
"525","始于两载前","https://baike.baidu.com/usercenter/userpage?uk=-loKFO10h4HPBXuBJ36TYg&from=diff","838","0.18","0","45715996"
"526","见面身局促","https://baike.baidu.com/usercenter/userpage?uk=a5XA-17fKk37RwirR7wwNw&from=diff","1381","0","0","37983997"
"530","0425KJK5","https://baike.baidu.com/usercenter/userpage?uk=VdhQyWCwj_9jzZXzKdbNeg&from=diff","564","1","0","1217839"
"531","b451706011","https://baike.baidu.com/usercenter/userpage?uk=dbFRXY14o8BMtnlgEevHaA&from=diff","248","0.37","0","89584250"
"532","lllj119","https://baike.baidu.com/usercenter/userpage?uk=OvgTVfhMVH9-xN2i8C-iaA&from=diff","120006","0.66","0","1029424668"
"533","小妖孽030","https://baike.baidu.com/usercenter/userpage?uk=4lwdOxjK_soKxK3wgwqLZQ&from=diff","80674","0.98","134","198536697"
"534","天狼南极星","https://baike.baidu.com/usercenter/userpage?uk=YyHmA0urNJAiKf0X5bS25g&from=diff","23244","0.96","0","46597944"
"537","阿尔法罗密欧RT","https://baike.baidu.com/usercenter/userpage?uk=0piBwqGFra4IJVcQlvtI2Q&from=diff","395","0.76","0","551328075"
"539","hebei15922","https://baike.baidu.com/usercenter/userpage?uk=khRy-zbJhJAG-gFiKjPtVw&from=diff","6045","0.9","0","74946514"
"540","ttwy39","https://baike.baidu.com/usercenter/userpage?uk=uLps_lGAZAPMN_PVUT4XGw&from=diff","54","0.45","0","2689113"
"541","百科用户EGCjb2","https://baike.baidu.com/usercenter/userpage?uk=52G3N12T3h8ug3_pTI2Lzw&from=diff","2706","0.95","0","799000"
"542","greatbupt","https://baike.baidu.com/usercenter/userpage?uk=XvRxNTCQiG_s5BmCJ-_VGA&from=diff","2","0.5","0","13849"
"544","chenxin_keyan","https://baike.baidu.com/usercenter/userpage?uk=gs8Fiehyod_HCPdqMHXnBg&from=diff","1","0.25","0","13090"
"545","a小思绪SECRET","https://baike.baidu.com/usercenter/userpage?uk=9tnjXJkIjDl7fLXbLXtA4g&from=diff","3137","0.73","0","54104513"
"546","赵ZX158","https://baike.baidu.com/usercenter/userpage?uk=X1RDMNr8eoFcg29v0eYlIg&from=diff","3908","0.99","0","7729362805"
"547","爱叶子花","https://baike.baidu.com/usercenter/userpage?uk=bE-v7HCPgDHuEmJo6HnRRg&from=diff","11","0.25","0","17913"
"548","BSU李明威","https://baike.baidu.com/usercenter/userpage?uk=KvXKEWSfOCs8lTb_f-zFIQ&from=diff","2","0.66","0","15117"
"553","kuangmzhuj","https://baike.baidu.com/usercenter/userpage?uk=VI8mnXRz119gGuS41AdlDQ&from=diff","289","0.99","0","17731372"
"554","磨掉的风雨003","https://baike.baidu.com/usercenter/userpage?uk=6YE1ZlBLtAr1GwSjTIN90w&from=diff","198586","1","0","26475485"
"555","乐迷马克","https://baike.baidu.com/usercenter/userpage?uk=r8ljiiA2MR78hposAqukpQ&from=diff","6589","0.98","13","214935782"
"557","默伢伢","https://baike.baidu.com/usercenter/userpage?uk=zoUp_Vl100-0ILs7MIqzdQ&from=diff","47","0.27","0","2004043"
"558","安蓓婧鳕","https://baike.baidu.com/usercenter/userpage?uk=ewH6Die5bl9zJ993k2XOOA&from=diff","514","1","0","2024823"
"562","椿兮如霖","https://baike.baidu.com/usercenter/userpage?uk=hnPHJW-oXY2WGLIrAvLuKQ&from=diff","86503","0.97","11334","1420871029"
"564","快到碗里来0304","https://baike.baidu.com/usercenter/userpage?uk=y_K2XeU1RJBmiMa_defMsg&from=diff","529","1","0","1660507"
"565","北辰以北1209","https://baike.baidu.com/usercenter/userpage?uk=zze4cajUuAjciiEz5bWV1Q&from=diff","102114","0.98","11","945280019"
"568","Bobo很年轻","https://baike.baidu.com/usercenter/userpage?uk=BCYnartfNmrcWbO7RdYH9w&from=diff","55769","1","35","78464752"
"571","松岩柏和","https://baike.baidu.com/usercenter/userpage?uk=JmfL_NzbhQHNQIpOMvqLmw&from=diff","22441","1","0","244993670"
"572","hbtmpengjin","https://baike.baidu.com/usercenter/userpage?uk=-Eu5zYXra7Ph8bm927ZlBA&from=diff","120553","0.99","2","19736199375"
"573","不爱吃泡面66","https://baike.baidu.com/usercenter/userpage?uk=zCEOyv4XJLeJJh6Qy99B2g&from=diff","552","1","0","13514326"
"574","开心就好1762","https://baike.baidu.com/usercenter/userpage?uk=gX_4T8qIGYH2osVLrBINvg&from=diff","5059","0.83","0","38071681"
"577","小浪花朵朵开","https://baike.baidu.com/usercenter/userpage?uk=-lTMB8mKFp5Gz6EhxMk1LA&from=diff","214287","1","6","180619134065"
"578","caldkaf","https://baike.baidu.com/usercenter/userpage?uk=uMhOWkpY3xGOXvhfhSYTRQ&from=diff","61205","0.98","34","11240185938"
